customer_id,name,city,city_tier,signup_date,acquisition_source
C001,Aarav,Mumbai,1,2026-01-07,Organic
C002,Vivaan,Delhi,1,2026-02-27,Referral
C003,Aditi,Mumbai,1,2026-06-23,Organic
C004,Ananya,Lucknow,2,2026-01-23,Organic
C005,Ishaan,Mumbai,1,2026-01-08,Referral
C006,Diya,Delhi,1,2026-05-10,Organic
C007,Kabir,Lucknow,2,2026-02-20,Organic
C008,Meera,Lucknow,2,2026-04-18,Ad
C009,Rohan,Lucknow,2,2026-03-13,Social
C010,Sara,Mumbai,1,2026-02-10,Organic
C011,Arjun,Bangalore,1,2026-03-13,Referral
C012,Priya,Bangalore,1,2026-01-27,Referral
C013,Karan,Mumbai,1,2026-04-02,Social
C014,Neha,Lucknow,2,2026-03-09,Social
C015,Yash,Jaipur,2,2026-05-18,Referral
C016,Pooja,Jaipur,2,2026-01-21,Organic
C017,Rahul,Lucknow,2,2026-04-03,Organic
C018,Simran,Mumbai,1,2026-01-12,Organic
C019,Dev,Bangalore,1,2026-01-21,Social
C020,Tara,Mumbai,1,2026-04-08,Ad
C021,Aryan,Bangalore,1,2026-02-11,Ad
C022,Kavya,Delhi,1,2026-06-21,Ad
C023,Nikhil,Mumbai,1,2026-06-05,Organic
C024,Riya,Lucknow,2,2026-03-04,Referral
C025,Varun,Jaipur,2,2026-03-11,Social
C026,Isha,Lucknow,2,2026-02-26,Organic
C027,Manav,Mumbai,1,2026-02-28,Social
C028,Shreya,Bangalore,1,2026-04-13,Ad
C029,Tanish,Delhi,1,2026-05-26,Social
C030,Anika,Bangalore,1,2026-02-24,Organic
C031,Aditya,Jaipur,2,2026-06-14,Ad
C032,Naina,Bangalore,1,2026-02-05,Ad
C033,Siddharth,Lucknow,2,2026-05-18,Ad
C034,Zara,Lucknow,2,2026-04-20,Social
C035,Krishna,Jaipur,2,2026-04-03,Ad
C036,Aisha,Delhi,1,2026-05-11,Ad
C037,Rudra,Mumbai,1,2026-01-29,Referral
C038,Myra,Delhi,1,2026-06-24,Ad
C039,Om,Mumbai,1,2026-04-09,Ad
C040,Vanya,Jaipur,2,2026-05-16,Ad
C041,Ayaan,Lucknow,2,2026-01-03,Organic
C042,Sanya,Mumbai,1,2026-06-24,Social
C043,Reyansh,Bangalore,1,2026-06-14,Ad
C044,Aria,Bangalore,1,2026-04-22,Referral
C045,Vihaan,Mumbai,1,2026-03-09,Social
