order_id,customer_id,product_id,order_date,quantity,discount_pct,payment_method,rating,returned
O0001,C012,P04,2026-03-18,2,10,upi,2,0
O0002,C024,P06,2026-05-16,1,30,UPI,1,0
O0003,C008,P12,2026-03-20,2,0,COD,1,1
O0004,C032,P03,2026-05-17,3,30,UPI,5,0
O0005,C011,P09,2026-06-05,1,10,Card,3,0
O0006,C026,P12,2026-05-13,1,0,Card,3,0
O0007,C002,P08,2026-01-02,1,10,COD,1,0
O0008,C003,P11,2026-03-02,1,10,COD,,0
O0009,C037,P16,2026-05-02,1,0,UPI,4,0
O0010,C023,P14,2026-01-14,1,0,Card,1,0
O0011,C026,P11,2026-01-28,25,0,COD,2,1
O0012,C028,P06,2026-03-05,1,0,UPI,1,1
O0013,C042,P01,2026-03-02,3,,COD,4,0
O0014,C004,P06,2026-04-10,1,30,cod,3,0
O0015,C028,P16,2026-03-17,1,,COD,3,1
O0016,C004,P02,2026-05-09,1,0,UPI,5,0
O0017,C006,P06,2026-01-18,1,,Card,5,0
O0018,C016,P02,2026-04-18,2,20,CARD,3,0
O0019,C014,P11,2026-04-12,1,30,COD,3,0
O0020,C005,P01,2026-05-25,1,10,UPI,5,1
O0021,C017,P05,2026-01-18,3,10,UPI,,0
O0022,C035,P10,2026-06-17,2,20,Card,1,0
O0023,C009,P09,2026-01-28,1,20,Card,5,0
O0024,C014,P11,2026-06-12,1,20,UPI,1,0
O0025,C006,P14,2026-01-12,2,20,COD,2,0
O0026,C029,P14,2026-01-29,1,10,COD,5,0
O0027,C003,P12,2026-02-07,1,20,card,1,1
O0028,C023,P07,2026-06-20,2,30,COD,5,0
O0029,C010,P08,2026-02-15,2,20,UPI,4,1
O0030,C043,P08,2026-06-29,1,,COD,2,0
O0031,C013,P15,2026-02-28,1,30,COD,3,0
O0032,C018,P03,2026-03-13,3,,Card,1,0
O0033,C008,P09,2026-03-09,1,20,COD,3,0
O0034,C028,P04,2026-05-28,1,30,COD,1,1
O0035,C034,P07,2026-01-18,1,20,UPI,1,0
O0036,C020,P10,2026-03-25,2,,Card,2,0
O0037,C027,P13,2026-02-14,2,0,Card,3,0
O0038,C019,P07,2026-05-29,1,30,Card,4,0
O0039,C044,P07,2026-02-13,1,20,Card,1,0
O0040,C016,P10,2026-02-20,1,30,cod,5,1
O0041,C005,P15,2026-06-11,1,30,Card,4,0
O0042,C026,P08,2026-06-26,1,0,COD,4,0
O0043,C015,P06,2026-06-28,2,10,Card,1,1
O0044,C030,P05,2026-06-20,2,20,Card,4,0
O0045,C040,P14,2026-05-21,2,30,Card,4,0
O0046,C017,P08,2026-03-12,2,10,UPI,3,0
O0047,C029,P03,2026-03-02,2,0,COD,2,1
O0048,C010,P08,2026-02-09,1,30,Card,3,1
O0049,C035,P15,2026-02-22,1,0,UPI,5,0
O0050,C025,P16,2026-04-01,1,30,COD,5,1
O0051,C035,P08,2026-03-11,1,20,Card,4,1
O0052,C011,P15,2026-06-09,3,0,CARD,1,0
O0053,C042,P14,2026-04-29,1,20,cod,,1
O0054,C030,P11,2026-04-08,1,30,COD,,0
O0055,C006,P16,2026-05-19,1,10,COD,1,0
O0056,C042,P02,2026-03-05,2,10,COD,2,1
O0057,C009,P16,2026-05-25,2,20,UPI,3,0
O0058,C011,P04,2026-02-11,2,0,UPI,3,0
O0059,C037,P13,2026-02-20,1,10,COD,1,0
O0060,C020,P04,2026-05-25,2,30,UPI,3,0
O0061,C005,P11,2026-04-18,1,20,UPI,4,0
O0062,C010,P14,2026-05-14,1,30,UPI,4,0
O0063,C028,P09,2026-03-04,1,30,UPI,2,1
O0064,C030,P13,2026-05-07,1,10,UPI,3,0
O0065,C017,P11,2026-06-02,1,0,Card,5,0
O0066,C013,P03,2026-04-15,1,30,card,4,0
O0067,C029,P01,2026-02-26,1,20,Card,4,0
O0068,C036,P12,2026-05-21,1,20,Card,3,0
O0069,C017,P08,2026-02-19,1,10,CARD,2,0
O0070,C014,P16,2026-05-31,1,20,UPI,1,0
O0071,C013,P10,2026-02-15,1,10,Card,3,0
O0072,C003,P02,2026-06-28,1,30,UPI,1,0
O0073,C001,P10,2026-04-23,1,20,Card,,0
O0074,C008,P03,2026-01-19,1,10,Card,2,0
O0075,C037,P10,2026-03-05,1,10,COD,5,0
O0076,C025,P15,2026-03-18,3,20,UPI,5,0
O0077,C040,P02,2026-01-26,2,10,UPI,3,0
O0078,C043,P03,2026-02-14,1,30,Card,4,0
O0079,C039,P16,2026-03-01,1,30,cod,,1
O0080,C044,P08,2026-06-10,3,,Card,4,0
O0081,C008,P08,2026-03-10,2,10,UPI,3,1
O0082,C039,P10,2026-04-30,1,,Card,5,0
O0083,C035,P16,2026-06-03,1,20,COD,5,0
O0084,C017,P01,2026-06-22,1,0,UPI,3,0
O0085,C037,P02,2026-02-14,2,,Card,2,0
O0086,C038,P14,2026-05-06,2,30,UPI,3,0
O0087,C021,P04,2026-03-26,2,30,Card,5,0
O0088,C003,P15,2026-03-06,1,30,Card,,0
O0089,C001,P15,2026-02-18,1,30,Card,4,0
O0090,C004,P07,2026-02-03,1,30,UPI,1,0
O0091,C002,P08,2026-03-21,2,0,Card,2,0
O0092,C008,P15,2026-06-15,3,20,upi,5,0
O0093,C018,P14,2026-05-01,2,30,COD,2,0
O0094,C039,P05,2026-03-12,2,20,UPI,5,0
O0095,C018,P01,2026-03-18,1,30,UPI,,0
O0096,C029,P16,2026-05-22,1,20,UPI,2,0
O0097,C016,P13,2026-04-16,1,30,COD,4,0
O0098,C043,P05,2026-01-10,30,0,COD,1,0
O0099,C029,P04,2026-04-27,1,10,COD,1,1
O0100,C031,P09,2026-06-27,1,20,Card,5,1
O0101,C025,P11,2026-05-05,2,0,UPI,2,1
O0102,C041,P10,2026-01-24,3,0,Card,4,1
O0103,C011,P10,2026-01-12,3,20,CARD,3,1
O0104,C028,P05,2026-04-16,1,10,Card,2,0
O0105,C006,P13,2026-03-03,2,10,card,4,0
O0106,C041,P09,2026-06-20,1,20,COD,5,0
O0107,C011,P03,2026-03-30,1,30,UPI,3,0
O0108,C030,P10,2026-04-09,1,30,UPI,5,0
O0109,C023,P10,2026-03-17,3,30,COD,3,0
O0110,C001,P02,2026-05-08,3,10,UPI,5,0
O0111,C023,P08,2026-06-08,2,10,COD,1,0
O0112,C041,P02,2026-04-23,1,10,COD,1,1
O0113,C019,P11,2026-02-14,2,20,COD,5,0
O0114,C033,P09,2026-03-07,2,20,UPI,3,0
O0115,C008,P15,2026-02-06,3,30,UPI,5,0
O0116,C024,P03,2026-01-04,2,20,COD,3,1
O0117,C038,P13,2026-04-06,2,0,COD,5,1
O0118,C036,P11,2026-02-26,3,30,card,,0
O0119,C042,P14,2026-01-12,1,30,UPI,1,0
O0120,C007,P08,2026-02-04,2,30,CARD,5,0
O0121,C010,P14,2026-05-06,2,20,Card,1,0
O0122,C024,P07,2026-03-02,1,20,UPI,5,1
O0123,C042,P12,2026-03-12,1,30,COD,1,1
O0124,C043,P07,2026-06-02,2,20,UPI,,1
O0125,C009,P07,2026-05-22,1,10,COD,3,1
O0126,C010,P01,2026-02-07,1,10,UPI,1,0
O0127,C043,P01,2026-04-02,1,20,UPI,1,0
O0128,C012,P09,2026-04-18,1,30,Card,4,0
O0129,C024,P04,2026-02-26,1,20,UPI,4,1
O0130,C042,P01,2026-05-03,1,0,UPI,4,0
O0131,C029,P03,2026-03-24,2,20,card,5,1
O0132,C041,P11,2026-06-02,1,30,Card,1,0
O0133,C008,P07,2026-02-28,1,30,Card,4,0
O0134,C007,P11,2026-06-20,1,30,COD,,0
O0135,C006,P03,2026-01-25,1,10,Card,5,0
O0136,C004,P11,2026-04-16,2,30,Card,1,0
O0137,C019,P10,2026-05-28,1,30,CARD,2,0
O0138,C007,P12,2026-04-05,2,10,COD,4,1
O0139,C036,P01,2026-06-18,2,10,UPI,3,0
O0140,C020,P11,2026-02-16,1,30,UPI,1,0
O0141,C010,P01,2026-05-16,1,20,COD,2,1
O0142,C024,P10,2026-05-26,2,10,Card,2,0
O0143,C040,P02,2026-03-11,2,30,Card,4,0
O0144,C018,P07,2026-01-30,2,30,card,5,0
O0145,C043,P10,2026-04-12,1,10,UPI,3,1
O0146,C014,P05,2026-03-16,2,30,Card,2,1
O0147,C009,P13,2026-02-28,1,20,Card,1,0
O0148,C026,P02,2026-04-28,1,30,UPI,5,0
O0149,C026,P14,2026-04-14,1,30,COD,,1
O0150,C006,P14,2026-03-04,2,0,Card,4,0
O0151,C020,P11,2026-02-13,1,10,COD,3,0
O0152,C023,P05,2026-02-07,1,,COD,1,1
O0153,C012,P16,2026-05-25,1,20,UPI,3,0
O0154,C010,P15,2026-04-24,1,0,CARD,3,0
O0155,C033,P03,2026-04-26,1,20,COD,1,1
O0156,C042,P03,2026-05-10,2,,Card,4,0
O0157,C037,P07,2026-05-02,1,30,card,1,0
O0158,C022,P03,2026-02-14,1,30,COD,5,0
O0159,C034,P06,2026-03-14,1,0,Card,3,0
O0160,C005,P11,2026-06-23,1,10,Card,3,0
O0161,C006,P05,2026-03-21,3,30,UPI,2,0
O0162,C039,P03,2026-04-07,1,10,Card,5,0
O0163,C006,P14,2026-01-05,1,10,Card,,0
O0164,C032,P07,2026-02-05,1,0,COD,,1
O0165,C035,P02,2026-06-08,2,10,COD,2,1
O0166,C040,P06,2026-01-12,2,10,Card,4,0
O0167,C040,P10,2026-04-25,2,30,COD,2,1
O0168,C024,P15,2026-03-14,1,30,UPI,,0
O0169,C013,P05,2026-01-14,2,,Card,5,0
O0170,C008,P10,2026-02-11,1,10,cod,4,0
O0171,C006,P08,2026-03-31,2,30,UPI,5,0
O0172,C024,P08,2026-01-21,1,0,Card,3,1
O0173,C010,P05,2026-05-01,1,30,Card,4,0
O0174,C040,P01,2026-01-05,3,30,COD,1,0
O0175,C019,P08,2026-01-13,1,30,COD,1,0
O0176,C032,P03,2026-05-17,3,30,UPI,5,0
O0177,C005,P15,2026-06-11,1,30,Card,4,0
O0178,C008,P08,2026-03-10,2,10,UPI,3,1
O0179,C010,P14,2026-05-06,2,20,Card,1,0
O0180,C020,P11,2026-02-13,1,10,COD,3,0
